{
  "cases": {
    "large_5000x128x16": {
      "sklearn_cpu": {
        "fit_ms_all": [
          119.484543800354,
          120.97269296646118,
          120.24128437042236
        ],
        "fit_ms_median": 120.24128437042236,
        "n_iter": 80,
        "reconstruction_error": 230.36812267857556
      },
      "statgpu_cpu": {
        "fit_ms_all": [
          110.83844304084778,
          110.72763800621033,
          113.89902234077454
        ],
        "fit_ms_median": 110.83844304084778,
        "n_iter": 80,
        "reconstruction_error": 207.25458236054237
      },
      "statgpu_cuda": {
        "fit_ms_all": [
          55.52154779434204,
          53.34201455116272,
          53.601622581481934
        ],
        "fit_ms_median": 53.601622581481934,
        "n_iter": 80,
        "reconstruction_error": 207.2545823605424
      },
      "statgpu_torch": {
        "fit_ms_all": [
          13.189315795898438,
          13.138622045516968,
          13.219773769378662
        ],
        "fit_ms_median": 13.189315795898438,
        "n_iter": 80,
        "reconstruction_error": 207.25458236054234
      }
    },
    "small_800x64x8": {
      "sklearn_cpu": {
        "fit_ms_all": [
          15.487819910049438,
          14.758199453353882,
          14.505267143249512
        ],
        "fit_ms_median": 14.758199453353882,
        "n_iter": 120,
        "reconstruction_error": 23.342107319263867
      },
      "statgpu_cpu": {
        "fit_ms_all": [
          23.592203855514526,
          13.332635164260864,
          12.08546757698059
        ],
        "fit_ms_median": 13.332635164260864,
        "n_iter": 120,
        "reconstruction_error": 10.844184736880164
      },
      "statgpu_cuda": {
        "fit_ms_all": [
          79.98195290565491,
          79.44494485855103,
          79.75608110427856
        ],
        "fit_ms_median": 79.75608110427856,
        "n_iter": 120,
        "reconstruction_error": 10.844184736880159
      },
      "statgpu_torch": {
        "fit_ms_all": [
          23.494213819503784,
          22.729694843292236,
          21.70252799987793
        ],
        "fit_ms_median": 22.729694843292236,
        "n_iter": 120,
        "reconstruction_error": 10.84418473688014
      }
    }
  }
}