{
  "ordered_logit_n500_p5": {
    "NumPy": {
      "bse0": 0.18460095232884544,
      "nll": -0.4512179164981807,
      "wald_stat": 103.75288183506838,
      "wald_pval": 2.2919147562445358e-24,
      "iter": 8,
      "ok": true,
      "time": 0.009296804666519165,
      "n": 500,
      "p": 5
    },
    "CuPy": {
      "bse0": 0.18460095232884544,
      "nll": -0.45121791649818066,
      "wald_stat": 103.75288183506838,
      "wald_pval": 2.2919147562445358e-24,
      "iter": 8,
      "ok": true,
      "time": 0.10360196232795715,
      "n": 500,
      "p": 5
    },
    "Torch": {
      "bse0": 0.18460095227961854,
      "nll": -0.45121791649818244,
      "wald_stat": 103.75288182516226,
      "wald_pval": 2.2919147677039237e-24,
      "iter": 8,
      "ok": true,
      "time": 0.0557103157043457,
      "n": 500,
      "p": 5
    }
  },
  "ordered_probit_n500_p5": {
    "NumPy": {
      "bse0": 0.09820370244503938,
      "nll": -0.4479820973674737,
      "iter": 7,
      "ok": true,
      "time": 0.007229506969451904,
      "n": 500,
      "p": 5
    },
    "CuPy": {
      "bse0": 0.0982037024450393,
      "nll": -0.44798209736747374,
      "iter": 7,
      "ok": true,
      "time": 0.0881018340587616,
      "n": 500,
      "p": 5
    },
    "Torch": {
      "bse0": 0.09820370243167593,
      "nll": -0.447982097367475,
      "iter": 7,
      "ok": true,
      "time": 0.04916507005691528,
      "n": 500,
      "p": 5
    }
  },
  "sandwich_n500_p5": {
    "NumPy": {
      "bse0": 0.11178781627095881,
      "ok": true,
      "time": 0.0027825236320495605,
      "n": 500,
      "p": 5
    },
    "CuPy": {
      "bse0": 0.11178781627095881,
      "ok": true,
      "time": 0.013567745685577393,
      "n": 500,
      "p": 5
    },
    "Torch": {
      "bse0": 0.11178781627095881,
      "ok": true,
      "time": 0.007120013236999512,
      "n": 500,
      "p": 5
    }
  },
  "oracle_n500_p5": {
    "NumPy": {
      "bse0": 0.21028892419982767,
      "ok": true,
      "time": 0.05520409345626831,
      "n": 500,
      "p": 5
    },
    "CuPy": {
      "bse0": 0.21028892419982767,
      "ok": true,
      "time": 0.34069812297821045,
      "n": 500,
      "p": 5
    },
    "Torch": {
      "bse0": 0.21028892419982767,
      "ok": true,
      "time": 0.18387186527252197,
      "n": 500,
      "p": 5
    }
  },
  "bootstrap_n500_p5": {
    "NumPy": {
      "bse0": 0.025406896240290158,
      "ok": true,
      "time": 0.03167775273323059,
      "n": 500,
      "p": 5
    },
    "CuPy": {
      "bse0": 0.018833807891812604,
      "ok": true,
      "time": 0.034184426069259644,
      "n": 500,
      "p": 5
    },
    "Torch": {
      "bse0": 0.02140746214355295,
      "ok": true,
      "time": 0.03341954946517944,
      "n": 500,
      "p": 5
    }
  },
  "quantile_kernel_n500_p5": {
    "NumPy": {
      "bse0": 0.03283551093131752,
      "time": 0.0077702999114990234,
      "ok": true
    },
    "CuPy": {
      "bse0": 0.03283551093131753,
      "time": 0.1292809247970581,
      "ok": true
    },
    "Torch": {
      "bse0": 0.03283551119424449,
      "time": 0.059242963790893555,
      "ok": true
    }
  },
  "quantile_bootstrap_n500_p5": {
    "NumPy": {
      "bse0": 0.04337370834101338,
      "time": 0.286369264125824,
      "ok": true
    },
    "CuPy": {
      "bse0": 0.043213558908665066,
      "time": 5.274730294942856,
      "ok": true
    },
    "Torch": {
      "bse0": 0.04321355890865794,
      "time": 2.733269542455673,
      "ok": true
    }
  },
  "ordered_logit_n2000_p10": {
    "NumPy": {
      "bse0": 0.0848427762331022,
      "nll": -0.4392318469800432,
      "wald_stat": 445.14226383812314,
      "wald_pval": 8.22822221262456e-99,
      "iter": 7,
      "ok": true,
      "time": 0.016622811555862427,
      "n": 2000,
      "p": 10
    },
    "CuPy": {
      "bse0": 0.08484277623310228,
      "nll": -0.4392318469800432,
      "wald_stat": 445.14226383812223,
      "wald_pval": 8.228222212628543e-99,
      "iter": 7,
      "ok": true,
      "time": 0.1087445318698883,
      "n": 2000,
      "p": 10
    },
    "Torch": {
      "bse0": 0.08484277601109919,
      "nll": -0.4392318469818839,
      "wald_stat": 445.1422636407375,
      "wald_pval": 8.228223026507488e-99,
      "iter": 7,
      "ok": true,
      "time": 0.0526404082775116,
      "n": 2000,
      "p": 10
    }
  },
  "ordered_probit_n2000_p10": {
    "NumPy": {
      "bse0": 0.045015346099786406,
      "nll": -0.4379444096580547,
      "iter": 7,
      "ok": true,
      "time": 0.016128838062286377,
      "n": 2000,
      "p": 10
    },
    "CuPy": {
      "bse0": 0.04501534609978644,
      "nll": -0.4379444096580547,
      "iter": 7,
      "ok": true,
      "time": 0.10710060596466064,
      "n": 2000,
      "p": 10
    },
    "Torch": {
      "bse0": 0.04501534609888307,
      "nll": -0.43794440965805487,
      "iter": 7,
      "ok": true,
      "time": 0.05325302481651306,
      "n": 2000,
      "p": 10
    }
  },
  "sandwich_n2000_p10": {
    "NumPy": {
      "bse0": 0.05658465679215722,
      "ok": true,
      "time": 0.004901409149169922,
      "n": 2000,
      "p": 10
    },
    "CuPy": {
      "bse0": 0.05658465679215722,
      "ok": true,
      "time": 0.014858484268188477,
      "n": 2000,
      "p": 10
    },
    "Torch": {
      "bse0": 0.05658465679215722,
      "ok": true,
      "time": 0.008416622877120972,
      "n": 2000,
      "p": 10
    }
  },
  "oracle_n2000_p10": {
    "NumPy": {
      "bse0": 0.10185416185135258,
      "ok": true,
      "time": 0.07426080107688904,
      "n": 2000,
      "p": 10
    },
    "CuPy": {
      "bse0": 0.10185416185135258,
      "ok": true,
      "time": 0.3453751504421234,
      "n": 2000,
      "p": 10
    },
    "Torch": {
      "bse0": 0.10185416185135258,
      "ok": true,
      "time": 0.1829795241355896,
      "n": 2000,
      "p": 10
    }
  },
  "bootstrap_n2000_p10": {
    "NumPy": {
      "bse0": 0.012119621529985938,
      "ok": true,
      "time": 0.04305121302604675,
      "n": 2000,
      "p": 10
    },
    "CuPy": {
      "bse0": 0.01062261685148377,
      "ok": true,
      "time": 0.044394224882125854,
      "n": 2000,
      "p": 10
    },
    "Torch": {
      "bse0": 0.008951443311688071,
      "ok": true,
      "time": 0.04376065731048584,
      "n": 2000,
      "p": 10
    }
  },
  "quantile_kernel_n2000_p10": {
    "NumPy": {
      "bse0": 0.01897062840196891,
      "time": 0.011473357677459717,
      "ok": true
    },
    "CuPy": {
      "bse0": 0.01897062840196928,
      "time": 0.13744264841079712,
      "ok": true
    },
    "Torch": {
      "bse0": 0.018970628054947435,
      "time": 0.06498032808303833,
      "ok": true
    }
  },
  "quantile_bootstrap_n2000_p10": {
    "NumPy": {
      "bse0": 0.02501377609922662,
      "time": 0.39448171854019165,
      "ok": true
    },
    "CuPy": {
      "bse0": 0.025037984424799747,
      "time": 5.349196910858154,
      "ok": true
    },
    "Torch": {
      "bse0": 0.025037984424754644,
      "time": 2.473300188779831,
      "ok": true
    }
  }
}