{
  "ordered_logit_n500_p5": {
    "NumPy": {
      "bse0": 0.18460095232884544,
      "nll": -0.4512179164981807,
      "wald_stat": 103.75288183506838,
      "wald_pval": 2.2919147562445358e-24,
      "iter": 8,
      "ok": true,
      "time": 0.010152041912078857,
      "n": 500,
      "p": 5
    },
    "CuPy": {
      "bse0": 0.18460095232884544,
      "nll": -0.45121791649818066,
      "wald_stat": 103.75288183506838,
      "wald_pval": 2.2919147562445358e-24,
      "iter": 8,
      "ok": true,
      "time": 0.10685685276985168,
      "n": 500,
      "p": 5
    },
    "Torch": {
      "bse0": 0.18460095227961854,
      "nll": -0.45121791649818244,
      "wald_stat": 103.75288182516226,
      "wald_pval": 2.2919147677039237e-24,
      "iter": 8,
      "ok": true,
      "time": 0.05797275900840759,
      "n": 500,
      "p": 5
    }
  },
  "ordered_probit_n500_p5": {
    "NumPy": {
      "bse0": 0.09820370244503938,
      "nll": -0.4479820973674737,
      "iter": 7,
      "ok": true,
      "time": 0.007358342409133911,
      "n": 500,
      "p": 5
    },
    "CuPy": {
      "bse0": 0.0982037024450393,
      "nll": -0.44798209736747374,
      "iter": 7,
      "ok": true,
      "time": 0.09390273690223694,
      "n": 500,
      "p": 5
    },
    "Torch": {
      "bse0": 0.09820370243167593,
      "nll": -0.447982097367475,
      "iter": 7,
      "ok": true,
      "time": 0.05145978927612305,
      "n": 500,
      "p": 5
    }
  },
  "sandwich_n500_p5": {
    "NumPy": {
      "bse0": 0.11178781627095881,
      "ok": true,
      "time": 0.002843707799911499,
      "n": 500,
      "p": 5
    },
    "CuPy": {
      "bse0": 0.11178781627095881,
      "ok": true,
      "time": 0.013697415590286255,
      "n": 500,
      "p": 5
    },
    "Torch": {
      "bse0": 0.11178781627095881,
      "ok": true,
      "time": 0.007158547639846802,
      "n": 500,
      "p": 5
    }
  },
  "oracle_n500_p5": {
    "NumPy": {
      "bse0": 0.21028892419982767,
      "ok": true,
      "time": 0.05725422501564026,
      "n": 500,
      "p": 5
    },
    "CuPy": {
      "bse0": 0.21028892419982767,
      "ok": true,
      "time": 0.3457909822463989,
      "n": 500,
      "p": 5
    },
    "Torch": {
      "bse0": 0.21028892419982767,
      "ok": true,
      "time": 0.1835956573486328,
      "n": 500,
      "p": 5
    }
  },
  "bootstrap_n500_p5": {
    "NumPy": {
      "bse0": 0.024371255012707028,
      "ok": true,
      "time": 0.03281864523887634,
      "n": 500,
      "p": 5
    },
    "CuPy": {
      "bse0": 0.022344533649153394,
      "ok": true,
      "time": 0.033208101987838745,
      "n": 500,
      "p": 5
    }
  },
  "quantile_kernel_n500_p5": {
    "NumPy": {
      "bse0": 0.03283551093131752,
      "time": 0.007812529802322388,
      "n": 500,
      "p": 5,
      "ok": true
    }
  },
  "quantile_bootstrap_n500_p5": {
    "NumPy": {
      "bse0": 0.04337370834101338,
      "time": 0.2963819205760956,
      "n": 500,
      "p": 5,
      "ok": true
    }
  },
  "ordered_logit_n2000_p10": {
    "NumPy": {
      "bse0": 0.0848427762331022,
      "nll": -0.4392318469800432,
      "wald_stat": 445.14226383812314,
      "wald_pval": 8.22822221262456e-99,
      "iter": 7,
      "ok": true,
      "time": 0.017300933599472046,
      "n": 2000,
      "p": 10
    },
    "CuPy": {
      "bse0": 0.08484277623310228,
      "nll": -0.4392318469800432,
      "wald_stat": 445.14226383812223,
      "wald_pval": 8.228222212628543e-99,
      "iter": 7,
      "ok": true,
      "time": 0.10888677835464478,
      "n": 2000,
      "p": 10
    },
    "Torch": {
      "bse0": 0.08484277601109919,
      "nll": -0.4392318469818839,
      "wald_stat": 445.1422636407375,
      "wald_pval": 8.228223026507488e-99,
      "iter": 7,
      "ok": true,
      "time": 0.05315256118774414,
      "n": 2000,
      "p": 10
    }
  },
  "ordered_probit_n2000_p10": {
    "NumPy": {
      "bse0": 0.045015346099786406,
      "nll": -0.4379444096580547,
      "iter": 7,
      "ok": true,
      "time": 0.015526056289672852,
      "n": 2000,
      "p": 10
    },
    "CuPy": {
      "bse0": 0.04501534609978644,
      "nll": -0.4379444096580547,
      "iter": 7,
      "ok": true,
      "time": 0.10813665390014648,
      "n": 2000,
      "p": 10
    },
    "Torch": {
      "bse0": 0.04501534609888307,
      "nll": -0.43794440965805487,
      "iter": 7,
      "ok": true,
      "time": 0.05369973182678223,
      "n": 2000,
      "p": 10
    }
  },
  "sandwich_n2000_p10": {
    "NumPy": {
      "bse0": 0.05658465679215722,
      "ok": true,
      "time": 0.004918396472930908,
      "n": 2000,
      "p": 10
    },
    "CuPy": {
      "bse0": 0.05658465679215722,
      "ok": true,
      "time": 0.01485493779182434,
      "n": 2000,
      "p": 10
    },
    "Torch": {
      "bse0": 0.05658465679215722,
      "ok": true,
      "time": 0.00821077823638916,
      "n": 2000,
      "p": 10
    }
  },
  "oracle_n2000_p10": {
    "NumPy": {
      "bse0": 0.10185416185135258,
      "ok": true,
      "time": 0.0771087110042572,
      "n": 2000,
      "p": 10
    },
    "CuPy": {
      "bse0": 0.10185416185135258,
      "ok": true,
      "time": 0.34425613284111023,
      "n": 2000,
      "p": 10
    },
    "Torch": {
      "bse0": 0.10185416185135258,
      "ok": true,
      "time": 0.18394958972930908,
      "n": 2000,
      "p": 10
    }
  },
  "bootstrap_n2000_p10": {
    "NumPy": {
      "bse0": 0.012727257628011107,
      "ok": true,
      "time": 0.04373160004615784,
      "n": 2000,
      "p": 10
    },
    "CuPy": {
      "bse0": 0.010462898686291015,
      "ok": true,
      "time": 0.04553815722465515,
      "n": 2000,
      "p": 10
    }
  },
  "quantile_kernel_n2000_p10": {
    "NumPy": {
      "bse0": 0.01897062840196891,
      "time": 0.010897010564804077,
      "n": 2000,
      "p": 10,
      "ok": true
    }
  },
  "quantile_bootstrap_n2000_p10": {
    "NumPy": {
      "bse0": 0.02501377609922662,
      "time": 0.41371089220046997,
      "n": 2000,
      "p": 10,
      "ok": true
    }
  }
}