{
  "ordered_logit_n500_p5": {
    "NumPy": {
      "bse0": 0.18460095232884544,
      "nll": -0.4512179164981807,
      "wald_stat": 103.75288183506838,
      "wald_pval": 2.2919147562445358e-24,
      "iter": 8,
      "ok": true,
      "time": 0.009692072868347168,
      "n": 500,
      "p": 5
    },
    "CuPy": {
      "bse0": 0.18460095232884544,
      "nll": -0.45121791649818066,
      "wald_stat": 103.75288183506838,
      "wald_pval": 2.2919147562445358e-24,
      "iter": 8,
      "ok": true,
      "time": 0.10380709171295166,
      "n": 500,
      "p": 5
    },
    "Torch": {
      "bse0": 0.18460095227961854,
      "nll": -0.45121791649818244,
      "wald_stat": 103.75288182516226,
      "wald_pval": 2.2919147677039237e-24,
      "iter": 8,
      "ok": true,
      "time": 0.058209896087646484,
      "n": 500,
      "p": 5
    }
  },
  "ordered_probit_n500_p5": {
    "NumPy": {
      "bse0": 0.09820370244503938,
      "nll": -0.4479820973674737,
      "iter": 7,
      "ok": true,
      "time": 0.0072782039642333984,
      "n": 500,
      "p": 5
    },
    "CuPy": {
      "bse0": 0.0982037024450393,
      "nll": -0.44798209736747374,
      "iter": 7,
      "ok": true,
      "time": 0.09104639291763306,
      "n": 500,
      "p": 5
    },
    "Torch": {
      "bse0": 0.09820370243167593,
      "nll": -0.447982097367475,
      "iter": 7,
      "ok": true,
      "time": 0.05117955803871155,
      "n": 500,
      "p": 5
    }
  },
  "sandwich_n500_p5": {
    "NumPy": {
      "bse0": 0.11178781627095881,
      "ok": true,
      "time": 0.002802222967147827,
      "n": 500,
      "p": 5
    },
    "CuPy": {
      "bse0": 0.11178781627095881,
      "ok": true,
      "time": 0.013678967952728271,
      "n": 500,
      "p": 5
    },
    "Torch": {
      "bse0": 0.11178781627095881,
      "ok": true,
      "time": 0.007196873426437378,
      "n": 500,
      "p": 5
    }
  },
  "oracle_n500_p5": {
    "NumPy": {
      "bse0": 0.21028892419982767,
      "ok": true,
      "time": 0.05629080533981323,
      "n": 500,
      "p": 5
    },
    "CuPy": {
      "bse0": 0.21028892419982767,
      "ok": true,
      "time": 0.34891030192375183,
      "n": 500,
      "p": 5
    },
    "Torch": {
      "bse0": 0.21028892419982767,
      "ok": true,
      "time": 0.18416965007781982,
      "n": 500,
      "p": 5
    }
  },
  "bootstrap_n500_p5": {
    "NumPy": {
      "bse0": 0.020652215996497345,
      "ok": true,
      "time": 0.032755881547927856,
      "n": 500,
      "p": 5
    },
    "CuPy": {
      "bse0": 0.023350151149756988,
      "ok": true,
      "time": 0.033021241426467896,
      "n": 500,
      "p": 5
    },
    "Torch": {
      "bse0": 0.027845251559252108,
      "ok": true,
      "time": 0.033407509326934814,
      "n": 500,
      "p": 5
    }
  },
  "quantile_kernel_n500_p5": {
    "NumPy": {
      "bse0": 0.03283551093131752,
      "time": 0.007562071084976196,
      "ok": true
    },
    "CuPy": {
      "bse0": NaN,
      "time": 0,
      "ok": true,
      "note": "CPU-only as expected"
    },
    "Torch": {
      "bse0": NaN,
      "time": 0,
      "ok": true,
      "note": "CPU-only as expected"
    }
  },
  "quantile_bootstrap_n500_p5": {
    "NumPy": {
      "bse0": 0.04337370834101338,
      "time": 0.2843804657459259,
      "ok": true
    },
    "CuPy": {
      "bse0": NaN,
      "time": 0,
      "ok": true,
      "note": "CPU-only as expected"
    },
    "Torch": {
      "bse0": NaN,
      "time": 0,
      "ok": true,
      "note": "CPU-only as expected"
    }
  },
  "ordered_logit_n2000_p10": {
    "NumPy": {
      "bse0": 0.0848427762331022,
      "nll": -0.4392318469800432,
      "wald_stat": 445.14226383812314,
      "wald_pval": 8.22822221262456e-99,
      "iter": 7,
      "ok": true,
      "time": 0.016702920198440552,
      "n": 2000,
      "p": 10
    },
    "CuPy": {
      "bse0": 0.08484277623310228,
      "nll": -0.4392318469800432,
      "wald_stat": 445.14226383812223,
      "wald_pval": 8.228222212628543e-99,
      "iter": 7,
      "ok": true,
      "time": 0.10867685079574585,
      "n": 2000,
      "p": 10
    },
    "Torch": {
      "bse0": 0.08484277601109919,
      "nll": -0.4392318469818839,
      "wald_stat": 445.1422636407375,
      "wald_pval": 8.228223026507488e-99,
      "iter": 7,
      "ok": true,
      "time": 0.053221166133880615,
      "n": 2000,
      "p": 10
    }
  },
  "ordered_probit_n2000_p10": {
    "NumPy": {
      "bse0": 0.045015346099786406,
      "nll": -0.4379444096580547,
      "iter": 7,
      "ok": true,
      "time": 0.016268551349639893,
      "n": 2000,
      "p": 10
    },
    "CuPy": {
      "bse0": 0.04501534609978644,
      "nll": -0.4379444096580547,
      "iter": 7,
      "ok": true,
      "time": 0.10836264491081238,
      "n": 2000,
      "p": 10
    },
    "Torch": {
      "bse0": 0.04501534609888307,
      "nll": -0.43794440965805487,
      "iter": 7,
      "ok": true,
      "time": 0.053820401430130005,
      "n": 2000,
      "p": 10
    }
  },
  "sandwich_n2000_p10": {
    "NumPy": {
      "bse0": 0.05658465679215722,
      "ok": true,
      "time": 0.0045497119426727295,
      "n": 2000,
      "p": 10
    },
    "CuPy": {
      "bse0": 0.05658465679215722,
      "ok": true,
      "time": 0.014751076698303223,
      "n": 2000,
      "p": 10
    },
    "Torch": {
      "bse0": 0.05658465679215722,
      "ok": true,
      "time": 0.008357495069503784,
      "n": 2000,
      "p": 10
    }
  },
  "oracle_n2000_p10": {
    "NumPy": {
      "bse0": 0.10185416185135258,
      "ok": true,
      "time": 0.07170271873474121,
      "n": 2000,
      "p": 10
    },
    "CuPy": {
      "bse0": 0.10185416185135258,
      "ok": true,
      "time": 0.3513907492160797,
      "n": 2000,
      "p": 10
    },
    "Torch": {
      "bse0": 0.10185416185135258,
      "ok": true,
      "time": 0.18273523449897766,
      "n": 2000,
      "p": 10
    }
  },
  "bootstrap_n2000_p10": {
    "NumPy": {
      "bse0": 0.011429766685031947,
      "ok": true,
      "time": 0.042592257261276245,
      "n": 2000,
      "p": 10
    },
    "CuPy": {
      "bse0": 0.012327705272061779,
      "ok": true,
      "time": 0.04251885414123535,
      "n": 2000,
      "p": 10
    },
    "Torch": {
      "bse0": 0.011212374508363312,
      "ok": true,
      "time": 0.04243871569633484,
      "n": 2000,
      "p": 10
    }
  },
  "quantile_kernel_n2000_p10": {
    "NumPy": {
      "bse0": 0.01897062840196891,
      "time": 0.010729104280471802,
      "ok": true
    },
    "CuPy": {
      "bse0": NaN,
      "time": 0,
      "ok": true,
      "note": "CPU-only as expected"
    },
    "Torch": {
      "bse0": NaN,
      "time": 0,
      "ok": true,
      "note": "CPU-only as expected"
    }
  },
  "quantile_bootstrap_n2000_p10": {
    "NumPy": {
      "bse0": 0.02501377609922662,
      "time": 0.3965320587158203,
      "ok": true
    },
    "CuPy": {
      "bse0": NaN,
      "time": 0,
      "ok": true,
      "note": "CPU-only as expected"
    },
    "Torch": {
      "bse0": NaN,
      "time": 0,
      "ok": true,
      "note": "CPU-only as expected"
    }
  }
}