{
  "ordered_logit_n500_p5": {
    "NumPy": {
      "bse0": 0.18460095232884544,
      "nll": -0.4512179164981807,
      "wald_stat": 103.75288183506838,
      "wald_pval": 2.2919147562445358e-24,
      "iter": 8,
      "ok": true,
      "time": 0.010005325078964233,
      "n": 500,
      "p": 5
    },
    "CuPy": {
      "bse0": 0.18460095232884544,
      "nll": -0.45121791649818066,
      "wald_stat": 103.75288183506838,
      "wald_pval": 2.2919147562445358e-24,
      "iter": 8,
      "ok": true,
      "time": 0.10498616099357605,
      "n": 500,
      "p": 5
    },
    "Torch": {
      "bse0": 0.18460095227961854,
      "nll": -0.45121791649818244,
      "wald_stat": 103.75288182516226,
      "wald_pval": 2.2919147677039237e-24,
      "iter": 8,
      "ok": true,
      "time": 0.05867859721183777,
      "n": 500,
      "p": 5
    }
  },
  "ordered_probit_n500_p5": {
    "NumPy": {
      "bse0": 0.09820370244503938,
      "nll": -0.4479820973674737,
      "iter": 7,
      "ok": true,
      "time": 0.007345467805862427,
      "n": 500,
      "p": 5
    },
    "CuPy": {
      "bse0": 0.0982037024450393,
      "nll": -0.44798209736747374,
      "iter": 7,
      "ok": true,
      "time": 0.09393516182899475,
      "n": 500,
      "p": 5
    },
    "Torch": {
      "bse0": 0.09820370243167593,
      "nll": -0.447982097367475,
      "iter": 7,
      "ok": true,
      "time": 0.05140247941017151,
      "n": 500,
      "p": 5
    }
  },
  "sandwich_n500_p5": {
    "NumPy": {
      "bse0": 0.11178781627095881,
      "ok": true,
      "time": 0.0028220415115356445,
      "n": 500,
      "p": 5
    },
    "CuPy": {
      "bse0": 0.11178781627095881,
      "ok": true,
      "time": 0.013680100440979004,
      "n": 500,
      "p": 5
    },
    "Torch": {
      "bse0": 0.11178781627095881,
      "ok": true,
      "time": 0.007163643836975098,
      "n": 500,
      "p": 5
    }
  },
  "oracle_n500_p5": {
    "NumPy": {
      "bse0": 0.21028892419982767,
      "ok": true,
      "time": 0.05625605583190918,
      "n": 500,
      "p": 5
    },
    "CuPy": {
      "bse0": 0.21028892419982767,
      "ok": true,
      "time": 0.3514028489589691,
      "n": 500,
      "p": 5
    },
    "Torch": {
      "bse0": 0.21028892419982767,
      "ok": true,
      "time": 0.18643710017204285,
      "n": 500,
      "p": 5
    }
  },
  "bootstrap_n500_p5": {
    "NumPy": {
      "bse0": 0.021371581223887978,
      "ok": true,
      "time": 0.032198697328567505,
      "n": 500,
      "p": 5
    },
    "CuPy": {
      "bse0": 0.02059068917264748,
      "ok": true,
      "time": 0.034054577350616455,
      "n": 500,
      "p": 5
    },
    "Torch": {
      "bse0": 0.024968654579949633,
      "ok": true,
      "time": 0.03361818194389343,
      "n": 500,
      "p": 5
    }
  },
  "quantile_kernel_n500_p5": {
    "NumPy": {
      "bse0": 0.03283551093131752,
      "time": 0.007947832345962524,
      "ok": true
    },
    "CuPy": {
      "bse0": 0.03283551093131753,
      "time": 0.13019612431526184,
      "ok": true
    },
    "Torch": {
      "bse0": 0.03283551119424449,
      "time": 0.06120455265045166,
      "ok": true
    }
  },
  "quantile_bootstrap_n500_p5": {
    "NumPy": {
      "bse0": 0.02364740829631826,
      "time": 0.6400454044342041,
      "ok": true
    },
    "CuPy": {
      "bse0": 0.023647408296312022,
      "time": 0.80428147315979,
      "ok": true
    },
    "Torch": {
      "bse0": 0.023647408296312154,
      "time": 0.5012886226177216,
      "ok": true
    }
  },
  "ordered_logit_n2000_p10": {
    "NumPy": {
      "bse0": 0.0848427762331022,
      "nll": -0.4392318469800432,
      "wald_stat": 445.14226383812314,
      "wald_pval": 8.22822221262456e-99,
      "iter": 7,
      "ok": true,
      "time": 0.01659873127937317,
      "n": 2000,
      "p": 10
    },
    "CuPy": {
      "bse0": 0.08484277623310228,
      "nll": -0.4392318469800432,
      "wald_stat": 445.14226383812223,
      "wald_pval": 8.228222212628543e-99,
      "iter": 7,
      "ok": true,
      "time": 0.10803782939910889,
      "n": 2000,
      "p": 10
    },
    "Torch": {
      "bse0": 0.08484277601109919,
      "nll": -0.4392318469818839,
      "wald_stat": 445.1422636407375,
      "wald_pval": 8.228223026507488e-99,
      "iter": 7,
      "ok": true,
      "time": 0.05389523506164551,
      "n": 2000,
      "p": 10
    }
  },
  "ordered_probit_n2000_p10": {
    "NumPy": {
      "bse0": 0.045015346099786406,
      "nll": -0.4379444096580547,
      "iter": 7,
      "ok": true,
      "time": 0.016823917627334595,
      "n": 2000,
      "p": 10
    },
    "CuPy": {
      "bse0": 0.04501534609978644,
      "nll": -0.4379444096580547,
      "iter": 7,
      "ok": true,
      "time": 0.10743150115013123,
      "n": 2000,
      "p": 10
    },
    "Torch": {
      "bse0": 0.04501534609888307,
      "nll": -0.43794440965805487,
      "iter": 7,
      "ok": true,
      "time": 0.05366232991218567,
      "n": 2000,
      "p": 10
    }
  },
  "sandwich_n2000_p10": {
    "NumPy": {
      "bse0": 0.05658465679215722,
      "ok": true,
      "time": 0.004875749349594116,
      "n": 2000,
      "p": 10
    },
    "CuPy": {
      "bse0": 0.05658465679215722,
      "ok": true,
      "time": 0.014774709939956665,
      "n": 2000,
      "p": 10
    },
    "Torch": {
      "bse0": 0.05658465679215722,
      "ok": true,
      "time": 0.008184820413589478,
      "n": 2000,
      "p": 10
    }
  },
  "oracle_n2000_p10": {
    "NumPy": {
      "bse0": 0.10185416185135258,
      "ok": true,
      "time": 0.07281073927879333,
      "n": 2000,
      "p": 10
    },
    "CuPy": {
      "bse0": 0.10185416185135258,
      "ok": true,
      "time": 0.35331249237060547,
      "n": 2000,
      "p": 10
    },
    "Torch": {
      "bse0": 0.10185416185135258,
      "ok": true,
      "time": 0.18653631210327148,
      "n": 2000,
      "p": 10
    }
  },
  "bootstrap_n2000_p10": {
    "NumPy": {
      "bse0": 0.010171620221980378,
      "ok": true,
      "time": 0.04310286045074463,
      "n": 2000,
      "p": 10
    },
    "CuPy": {
      "bse0": 0.011744346359324379,
      "ok": true,
      "time": 0.04537007212638855,
      "n": 2000,
      "p": 10
    },
    "Torch": {
      "bse0": 0.009992313717697524,
      "ok": true,
      "time": 0.04368084669113159,
      "n": 2000,
      "p": 10
    }
  },
  "quantile_kernel_n2000_p10": {
    "NumPy": {
      "bse0": 0.01897062840196891,
      "time": 0.01123201847076416,
      "ok": true
    },
    "CuPy": {
      "bse0": 0.01897062840196928,
      "time": 0.13642936944961548,
      "ok": true
    },
    "Torch": {
      "bse0": 0.018970628054947435,
      "time": 0.06519731879234314,
      "ok": true
    }
  },
  "quantile_bootstrap_n2000_p10": {
    "NumPy": {
      "bse0": 0.012652059241257172,
      "time": 3.187946528196335,
      "ok": true
    },
    "CuPy": {
      "bse0": 0.012652059241257172,
      "time": 0.8985902965068817,
      "ok": true
    },
    "Torch": {
      "bse0": 0.012652059241249528,
      "time": 0.5141257345676422,
      "ok": true
    }
  }
}