{
  "ordered_logit_n500_p5": {
    "NumPy": {
      "bse0": 0.18460095232884544,
      "nll": -0.4512179164981807,
      "wald_stat": 103.75288183506838,
      "wald_pval": 2.2919147562445358e-24,
      "iter": 8,
      "ok": true,
      "time": 0.009921073913574219,
      "n": 500,
      "p": 5
    },
    "CuPy": {
      "bse0": 0.18460095232884544,
      "nll": -0.45121791649818066,
      "wald_stat": 103.75288183506838,
      "wald_pval": 2.2919147562445358e-24,
      "iter": 8,
      "ok": true,
      "time": 0.10845783352851868,
      "n": 500,
      "p": 5
    },
    "Torch": {
      "bse0": 0.18460095227961854,
      "nll": -0.45121791649818244,
      "wald_stat": 103.75288182516226,
      "wald_pval": 2.2919147677039237e-24,
      "iter": 8,
      "ok": true,
      "time": 0.058623045682907104,
      "n": 500,
      "p": 5
    }
  },
  "ordered_probit_n500_p5": {
    "NumPy": {
      "bse0": 0.09820370244503938,
      "nll": -0.4479820973674737,
      "iter": 7,
      "ok": true,
      "time": 0.007313758134841919,
      "n": 500,
      "p": 5
    },
    "CuPy": {
      "bse0": 0.0982037024450393,
      "nll": -0.44798209736747374,
      "iter": 7,
      "ok": true,
      "time": 0.09355217218399048,
      "n": 500,
      "p": 5
    },
    "Torch": {
      "bse0": 0.09820370243167593,
      "nll": -0.447982097367475,
      "iter": 7,
      "ok": true,
      "time": 0.05093103647232056,
      "n": 500,
      "p": 5
    }
  },
  "sandwich_n500_p5": {
    "NumPy": {
      "bse0": 0.11178781627095881,
      "ok": true,
      "time": 0.0028140246868133545,
      "n": 500,
      "p": 5
    },
    "CuPy": {
      "bse0": 0.11178781627095881,
      "ok": true,
      "time": 0.01355162262916565,
      "n": 500,
      "p": 5
    },
    "Torch": {
      "bse0": 0.11178781627095881,
      "ok": true,
      "time": 0.007076650857925415,
      "n": 500,
      "p": 5
    }
  },
  "oracle_n500_p5": {
    "NumPy": {
      "bse0": 0.21028892419982767,
      "ok": true,
      "time": 0.05606040358543396,
      "n": 500,
      "p": 5
    },
    "CuPy": {
      "bse0": 0.21028892419982767,
      "ok": true,
      "time": 0.34613388776779175,
      "n": 500,
      "p": 5
    },
    "Torch": {
      "bse0": 0.21028892419982767,
      "ok": true,
      "time": 0.18375840783119202,
      "n": 500,
      "p": 5
    }
  },
  "bootstrap_n500_p5": {
    "NumPy": {
      "bse0": 0.022527738472957852,
      "ok": true,
      "time": 0.03211170434951782,
      "n": 500,
      "p": 5
    },
    "CuPy": {
      "bse0": 0.0211779904661026,
      "ok": true,
      "time": 0.03394722938537598,
      "n": 500,
      "p": 5
    },
    "Torch": {
      "bse0": 0.023174025831092033,
      "ok": true,
      "time": 0.03308814764022827,
      "n": 500,
      "p": 5
    }
  },
  "quantile_kernel_n500_p5": {
    "NumPy": {
      "bse0": 0.03283551093131752,
      "method": "kernel",
      "solver": "kernel_sandwich",
      "ok": true,
      "time": 0.007362425327301025,
      "n": 500,
      "p": 5
    },
    "CuPy": {
      "bse0": 0.03283551093131753,
      "method": "kernel",
      "solver": "kernel_sandwich",
      "ok": true,
      "time": 0.11941584944725037,
      "n": 500,
      "p": 5
    },
    "Torch": {
      "bse0": 0.03283551119424449,
      "method": "kernel",
      "solver": "kernel_sandwich",
      "ok": true,
      "time": 0.056850314140319824,
      "n": 500,
      "p": 5
    }
  },
  "quantile_bootstrap_n500_p5": {
    "NumPy": {
      "bse0": 0.02364740829631826,
      "method": "bootstrap",
      "solver": "batched_pinball_fista",
      "ok": true,
      "time": 0.6404423713684082,
      "n": 500,
      "p": 5
    },
    "CuPy": {
      "bse0": 0.023647408296312022,
      "method": "bootstrap",
      "solver": "batched_pinball_fista",
      "ok": true,
      "time": 0.8285803198814392,
      "n": 500,
      "p": 5
    },
    "Torch": {
      "bse0": 0.023647408296312154,
      "method": "bootstrap",
      "solver": "batched_pinball_fista",
      "ok": true,
      "time": 0.5080137550830841,
      "n": 500,
      "p": 5
    }
  },
  "ordered_logit_n2000_p10": {
    "NumPy": {
      "bse0": 0.0848427762331022,
      "nll": -0.4392318469800432,
      "wald_stat": 445.14226383812314,
      "wald_pval": 8.22822221262456e-99,
      "iter": 7,
      "ok": true,
      "time": 0.01595214009284973,
      "n": 2000,
      "p": 10
    },
    "CuPy": {
      "bse0": 0.08484277623310228,
      "nll": -0.4392318469800432,
      "wald_stat": 445.14226383812223,
      "wald_pval": 8.228222212628543e-99,
      "iter": 7,
      "ok": true,
      "time": 0.10738655924797058,
      "n": 2000,
      "p": 10
    },
    "Torch": {
      "bse0": 0.08484277601109919,
      "nll": -0.4392318469818839,
      "wald_stat": 445.1422636407375,
      "wald_pval": 8.228223026507488e-99,
      "iter": 7,
      "ok": true,
      "time": 0.05233246088027954,
      "n": 2000,
      "p": 10
    }
  },
  "ordered_probit_n2000_p10": {
    "NumPy": {
      "bse0": 0.045015346099786406,
      "nll": -0.4379444096580547,
      "iter": 7,
      "ok": true,
      "time": 0.01638174057006836,
      "n": 2000,
      "p": 10
    },
    "CuPy": {
      "bse0": 0.04501534609978644,
      "nll": -0.4379444096580547,
      "iter": 7,
      "ok": true,
      "time": 0.10681542754173279,
      "n": 2000,
      "p": 10
    },
    "Torch": {
      "bse0": 0.04501534609888307,
      "nll": -0.43794440965805487,
      "iter": 7,
      "ok": true,
      "time": 0.05302029848098755,
      "n": 2000,
      "p": 10
    }
  },
  "sandwich_n2000_p10": {
    "NumPy": {
      "bse0": 0.05658465679215722,
      "ok": true,
      "time": 0.004855841398239136,
      "n": 2000,
      "p": 10
    },
    "CuPy": {
      "bse0": 0.05658465679215722,
      "ok": true,
      "time": 0.014800608158111572,
      "n": 2000,
      "p": 10
    },
    "Torch": {
      "bse0": 0.05658465679215722,
      "ok": true,
      "time": 0.008148670196533203,
      "n": 2000,
      "p": 10
    }
  },
  "oracle_n2000_p10": {
    "NumPy": {
      "bse0": 0.10185416185135258,
      "ok": true,
      "time": 0.07555750012397766,
      "n": 2000,
      "p": 10
    },
    "CuPy": {
      "bse0": 0.10185416185135258,
      "ok": true,
      "time": 0.35604965686798096,
      "n": 2000,
      "p": 10
    },
    "Torch": {
      "bse0": 0.10185416185135258,
      "ok": true,
      "time": 0.18379884958267212,
      "n": 2000,
      "p": 10
    }
  },
  "bootstrap_n2000_p10": {
    "NumPy": {
      "bse0": 0.010560845952574038,
      "ok": true,
      "time": 0.040886253118515015,
      "n": 2000,
      "p": 10
    },
    "CuPy": {
      "bse0": 0.010480062555997965,
      "ok": true,
      "time": 0.04420483112335205,
      "n": 2000,
      "p": 10
    },
    "Torch": {
      "bse0": 0.011378495063968742,
      "ok": true,
      "time": 0.0441451370716095,
      "n": 2000,
      "p": 10
    }
  },
  "quantile_kernel_n2000_p10": {
    "NumPy": {
      "bse0": 0.01897062840196891,
      "method": "kernel",
      "solver": "kernel_sandwich",
      "ok": true,
      "time": 0.011534184217453003,
      "n": 2000,
      "p": 10
    },
    "CuPy": {
      "bse0": 0.01897062840196928,
      "method": "kernel",
      "solver": "kernel_sandwich",
      "ok": true,
      "time": 0.13547402620315552,
      "n": 2000,
      "p": 10
    },
    "Torch": {
      "bse0": 0.018970628054947435,
      "method": "kernel",
      "solver": "kernel_sandwich",
      "ok": true,
      "time": 0.06482505798339844,
      "n": 2000,
      "p": 10
    }
  },
  "quantile_bootstrap_n2000_p10": {
    "NumPy": {
      "bse0": 0.012652059241257172,
      "method": "bootstrap",
      "solver": "batched_pinball_fista",
      "ok": true,
      "time": 3.166006624698639,
      "n": 2000,
      "p": 10
    },
    "CuPy": {
      "bse0": 0.012652059241257172,
      "method": "bootstrap",
      "solver": "batched_pinball_fista",
      "ok": true,
      "time": 0.8846047818660736,
      "n": 2000,