{
  "ordered_logit_n500_p5": {
    "NumPy": {
      "bse0": 0.18460095232884544,
      "nll": -0.4512179164981807,
      "wald_stat": 103.75288183506838,
      "wald_pval": 2.2919147562445358e-24,
      "iter": 8,
      "ok": true,
      "time": 0.010580003261566162,
      "n": 500,
      "p": 5
    },
    "CuPy": {
      "bse0": 0.18460095232884544,
      "nll": -0.45121791649818066,
      "wald_stat": 103.75288183506838,
      "wald_pval": 2.2919147562445358e-24,
      "iter": 8,
      "ok": true,
      "time": 0.10708373785018921,
      "n": 500,
      "p": 5
    },
    "Torch": {
      "bse0": 0.18460095227961854,
      "nll": -0.45121791649818244,
      "wald_stat": 103.75288182516226,
      "wald_pval": 2.2919147677039237e-24,
      "iter": 8,
      "ok": true,
      "time": 0.05706697702407837,
      "n": 500,
      "p": 5
    }
  },
  "ordered_probit_n500_p5": {
    "NumPy": {
      "bse0": 0.09820370244503938,
      "nll": -0.4479820973674737,
      "iter": 7,
      "ok": true,
      "time": 0.007436871528625488,
      "n": 500,
      "p": 5
    },
    "CuPy": {
      "bse0": 0.0982037024450393,
      "nll": -0.44798209736747374,
      "iter": 7,
      "ok": true,
      "time": 0.09316590428352356,
      "n": 500,
      "p": 5
    },
    "Torch": {
      "bse0": 0.09820370243167593,
      "nll": -0.447982097367475,
      "iter": 7,
      "ok": true,
      "time": 0.0524267852306366,
      "n": 500,
      "p": 5
    }
  },
  "sandwich_n500_p5": {
    "NumPy": {
      "bse0": 0.11178781627095881,
      "ok": true,
      "time": 0.0028265714645385742,
      "n": 500,
      "p": 5
    },
    "CuPy": {
      "bse0": 0.11178781627095881,
      "ok": true,
      "time": 0.013587325811386108,
      "n": 500,
      "p": 5
    },
    "Torch": {
      "bse0": 0.11178781627095881,
      "ok": true,
      "time": 0.007161855697631836,
      "n": 500,
      "p": 5
    }
  },
  "oracle_n500_p5": {
    "NumPy": {
      "bse0": 0.21028892419982767,
      "ok": true,
      "time": 0.056594252586364746,
      "n": 500,
      "p": 5
    },
    "CuPy": {
      "bse0": 0.21028892419982767,
      "ok": true,
      "time": 0.35450509190559387,
      "n": 500,
      "p": 5
    },
    "Torch": {
      "bse0": 0.21028892419982767,
      "ok": true,
      "time": 0.18202772736549377,
      "n": 500,
      "p": 5
    }
  },
  "bootstrap_n500_p5": {
    "NumPy": {
      "bse0": 0.02084953714909318,
      "ok": true,
      "time": 0.031778037548065186,
      "n": 500,
      "p": 5
    },
    "CuPy": {
      "bse0": 0.023198291304161907,
      "ok": true,
      "time": 0.03361949324607849,
      "n": 500,
      "p": 5
    },
    "Torch": {
      "bse0": 0.02207015008312464,
      "ok": true,
      "time": 0.03204810619354248,
      "n": 500,
      "p": 5
    }
  },
  "quantile_kernel_n500_p5": {
    "NumPy": {
      "bse0": 0.03283551093131752,
      "method": "kernel",
      "solver": "kernel_sandwich",
      "ok": true,
      "time": 0.006815910339355469,
      "n": 500,
      "p": 5
    },
    "CuPy": {
      "bse0": 0.03283551093131752,
      "method": "kernel",
      "solver": "kernel_sandwich",
      "ok": true,
      "time": 0.12107205390930176,
      "n": 500,
      "p": 5
    },
    "Torch": {
      "bse0": 0.03283551119424449,
      "method": "kernel",
      "solver": "kernel_sandwich",
      "ok": true,
      "time": 0.058572590351104736,
      "n": 500,
      "p": 5
    }
  },
  "quantile_bootstrap_n500_p5": {
    "NumPy": {
      "bse0": 0.02364740829631826,
      "method": "bootstrap",
      "solver": "batched_pinball_fista",
      "ok": true,
      "time": 0.6407235860824585,
      "n": 500,
      "p": 5
    },
    "CuPy": {
      "bse0": 0.023647408296312022,
      "method": "bootstrap",
      "solver": "batched_pinball_fista",
      "ok": true,
      "time": 0.8185293972492218,
      "n": 500,
      "p": 5
    },
    "Torch": {
      "bse0": 0.023647408296312154,
      "method": "bootstrap",
      "solver": "batched_pinball_fista",
      "ok": true,
      "time": 0.5037553012371063,
      "n": 500,
      "p": 5
    }
  },
  "ordered_logit_n2000_p10": {
    "NumPy": {
      "bse0": 0.0848427762331022,
      "nll": -0.4392318469800432,
      "wald_stat": 445.14226383812314,
      "wald_pval": 8.22822221262456e-99,
      "iter": 7,
      "ok": true,
      "time": 0.016911447048187256,
      "n": 2000,
      "p": 10
    },
    "CuPy": {
      "bse0": 0.08484277623310228,
      "nll": -0.4392318469800432,
      "wald_stat": 445.14226383812223,
      "wald_pval": 8.228222212628543e-99,
      "iter": 7,
      "ok": true,
      "time": 0.10728240013122559,
      "n": 2000,
      "p": 10
    },
    "Torch": {
      "bse0": 0.08484277601109919,
      "nll": -0.4392318469818839,
      "wald_stat": 445.1422636407375,
      "wald_pval": 8.228223026507488e-99,
      "iter": 7,
      "ok": true,
      "time": 0.05287206172943115,
      "n": 2000,
      "p": 10
    }
  },
  "ordered_probit_n2000_p10": {
    "NumPy": {
      "bse0": 0.045015346099786406,
      "nll": -0.4379444096580547,
      "iter": 7,
      "ok": true,
      "time": 0.01649370789527893,
      "n": 2000,
      "p": 10
    },
    "CuPy": {
      "bse0": 0.04501534609978644,
      "nll": -0.4379444096580547,
      "iter": 7,
      "ok": true,
      "time": 0.10695183277130127,
      "n": 2000,
      "p": 10
    },
    "Torch": {
      "bse0": 0.04501534609888307,
      "nll": -0.43794440965805487,
      "iter": 7,
      "ok": true,
      "time": 0.053487151861190796,
      "n": 2000,
      "p": 10
    }
  },
  "sandwich_n2000_p10": {
    "NumPy": {
      "bse0": 0.05658465679215722,
      "ok": true,
      "time": 0.004910677671432495,
      "n": 2000,
      "p": 10
    },
    "CuPy": {
      "bse0": 0.05658465679215722,
      "ok": true,
      "time": 0.014727532863616943,
      "n": 2000,
      "p": 10
    },
    "Torch": {
      "bse0": 0.05658465679215722,
      "ok": true,
      "time": 0.008095473051071167,
      "n": 2000,
      "p": 10
    }
  },
  "oracle_n2000_p10": {
    "NumPy": {
      "bse0": 0.10185416185135258,
      "ok": true,
      "time": 0.07290962338447571,
      "n": 2000,
      "p": 10
    },
    "CuPy": {
      "bse0": 0.10185416185135258,
      "ok": true,
      "time": 0.3409319519996643,
      "n": 2000,
      "p": 10
    },
    "Torch": {
      "bse0": 0.10185416185135258,
      "ok": true,
      "time": 0.18203014135360718,
      "n": 2000,
      "p": 10
    }
  },
  "bootstrap_n2000_p10": {
    "NumPy": {
      "bse0": 0.012278187024693904,
      "ok": true,
      "time": 0.04397857189178467,
      "n": 2000,
      "p": 10
    },
    "CuPy": {
      "bse0": 0.010430005413657708,
      "ok": true,
      "time": 0.04525357484817505,
      "n": 2000,
      "p": 10
    },
    "Torch": {
      "bse0": 0.01124020999222433,
      "ok": true,
      "time": 0.04358354210853577,
      "n": 2000,
      "p": 10
    }
  },
  "quantile_kernel_n2000_p10": {
    "NumPy": {
      "bse0": 0.018970628401968913,
      "method": "kernel",
      "solver": "kernel_sandwich",
      "ok": true,
      "time": 0.010843932628631592,
      "n": 2000,
      "p": 10
    },
    "CuPy": {
      "bse0": 0.01897062840196928,
      "method": "kernel",
      "solver": "kernel_sandwich",
      "ok": true,
      "time": 0.13372814655303955,
      "n": 2000,
      "p": 10
    },
    "Torch": {
      "bse0": 0.018970628054947435,
      "method": "kernel",
      "solver": "kernel_sandwich",
      "ok": true,
      "time": 0.06398805975914001,
      "n": 2000,
      "p": 10
    }
  },
  "quantile_bootstrap_n2000_p10": {
    "NumPy": {
      "bse0": 0.012652059241257172,
      "method": "bootstrap",
      "solver": "batched_pinball_fista",
      "ok": true,
      "time": 3.1200675070285797,
      "n": 2000,
      "p": 10
    },
    "CuPy": {
      "bse0": 0.012652059241257172,
      "method": "bootstrap",
      "solver": "batched_pinball_fista",
      "ok": true,
      "time": 0.8604035377502441,
      "n": 2000,