{
  "ordered_logit_n500_p5": {
    "NumPy": {
      "bse0": 0.18460095232884544,
      "nll": -0.4512179164981807,
      "wald_stat": 103.75288183506838,
      "wald_pval": 2.2919147562445358e-24,
      "iter": 8,
      "ok": true,
      "time": 0.009575128555297852,
      "n": 500,
      "p": 5
    },
    "CuPy": {
      "bse0": 0.18460095232884544,
      "nll": -0.45121791649818066,
      "wald_stat": 103.75288183506838,
      "wald_pval": 2.2919147562445358e-24,
      "iter": 8,
      "ok": true,
      "time": 0.10451629757881165,
      "n": 500,
      "p": 5
    },
    "Torch": {
      "bse0": 0.18460095227961854,
      "nll": -0.45121791649818244,
      "wald_stat": 103.75288182516226,
      "wald_pval": 2.2919147677039237e-24,
      "iter": 8,
      "ok": true,
      "time": 0.057072073221206665,
      "n": 500,
      "p": 5
    }
  },
  "ordered_probit_n500_p5": {
    "NumPy": {
      "bse0": 0.09820370244503938,
      "nll": -0.4479820973674737,
      "iter": 7,
      "ok": true,
      "time": 0.007174402475357056,
      "n": 500,
      "p": 5
    },
    "CuPy": {
      "bse0": 0.0982037024450393,
      "nll": -0.44798209736747374,
      "iter": 7,
      "ok": true,
      "time": 0.09205210208892822,
      "n": 500,
      "p": 5
    },
    "Torch": {
      "bse0": 0.09820370243167593,
      "nll": -0.447982097367475,
      "iter": 7,
      "ok": true,
      "time": 0.05074608325958252,
      "n": 500,
      "p": 5
    }
  },
  "sandwich_n500_p5": {
    "NumPy": {
      "bse0": 0.11178781627095881,
      "ok": true,
      "time": 0.0028468668460845947,
      "n": 500,
      "p": 5
    },
    "CuPy": {
      "bse0": 0.11178781627095881,
      "ok": true,
      "time": 0.01377570629119873,
      "n": 500,
      "p": 5
    },
    "Torch": {
      "bse0": 0.11178781627095881,
      "ok": true,
      "time": 0.007182329893112183,
      "n": 500,
      "p": 5
    }
  },
  "oracle_n500_p5": {
    "NumPy": {
      "bse0": 0.21028892419982767,
      "ok": true,
      "time": 0.05643084645271301,
      "n": 500,
      "p": 5
    },
    "CuPy": {
      "bse0": 0.21028892419982767,
      "ok": true,
      "time": 0.3539392054080963,
      "n": 500,
      "p": 5
    },
    "Torch": {
      "bse0": 0.21028892419982767,
      "ok": true,
      "time": 0.18681550025939941,
      "n": 500,
      "p": 5
    }
  },
  "bootstrap_n500_p5": {
    "NumPy": {
      "bse0": 0.0234617430481531,
      "ok": true,
      "time": 0.0314277708530426,
      "n": 500,
      "p": 5
    },
    "CuPy": {
      "bse0": 0.02109724186804776,
      "ok": true,
      "time": 0.03403535485267639,
      "n": 500,
      "p": 5
    },
    "Torch": {
      "bse0": 0.022632673419733698,
      "ok": true,
      "time": 0.03255453705787659,
      "n": 500,
      "p": 5
    }
  },
  "quantile_kernel_n500_p5": {
    "NumPy": {
      "bse0": 0.03283551093131752,
      "method": "kernel",
      "solver": "kernel_sandwich",
      "ok": true,
      "time": 0.007461458444595337,
      "n": 500,
      "p": 5
    },
    "CuPy": {
      "bse0": 0.03283551093131753,
      "method": "kernel",
      "solver": "kernel_sandwich",
      "ok": true,
      "time": 0.1268523931503296,
      "n": 500,
      "p": 5
    },
    "Torch": {
      "bse0": 0.03283551119424449,
      "method": "kernel",
      "solver": "kernel_sandwich",
      "ok": true,
      "time": 0.059229135513305664,
      "n": 500,
      "p": 5
    }
  },
  "quantile_bootstrap_n500_p5": {
    "NumPy": {
      "bse0": 0.02364740829631826,
      "method": "bootstrap",
      "solver": "batched_pinball_fista",
      "ok": true,
      "time": 0.6290633082389832,
      "n": 500,
      "p": 5
    },
    "CuPy": {
      "bse0": 0.023647408296312022,
      "method": "bootstrap",
      "solver": "batched_pinball_fista",
      "ok": true,
      "time": 0.8293170630931854,
      "n": 500,
      "p": 5
    },
    "Torch": {
      "bse0": 0.023647408296312154,
      "method": "bootstrap",
      "solver": "batched_pinball_fista",
      "ok": true,
      "time": 0.5183243751525879,
      "n": 500,
      "p": 5
    }
  },
  "ordered_logit_n2000_p10": {
    "NumPy": {
      "bse0": 0.0848427762331022,
      "nll": -0.4392318469800432,
      "wald_stat": 445.14226383812314,
      "wald_pval": 8.22822221262456e-99,
      "iter": 7,
      "ok": true,
      "time": 0.016643166542053223,
      "n": 2000,
      "p": 10
    },
    "CuPy": {
      "bse0": 0.08484277623310228,
      "nll": -0.4392318469800432,
      "wald_stat": 445.14226383812223,
      "wald_pval": 8.228222212628543e-99,
      "iter": 7,
      "ok": true,
      "time": 0.10929229855537415,
      "n": 2000,
      "p": 10
    },
    "Torch": {
      "bse0": 0.08484277601109919,
      "nll": -0.4392318469818839,
      "wald_stat": 445.1422636407375,
      "wald_pval": 8.228223026507488e-99,
      "iter": 7,
      "ok": true,
      "time": 0.053131669759750366,
      "n": 2000,
      "p": 10
    }
  },
  "ordered_probit_n2000_p10": {
    "NumPy": {
      "bse0": 0.045015346099786406,
      "nll": -0.4379444096580547,
      "iter": 7,
      "ok": true,
      "time": 0.016217350959777832,
      "n": 2000,
      "p": 10
    },
    "CuPy": {
      "bse0": 0.04501534609978644,
      "nll": -0.4379444096580547,
      "iter": 7,
      "ok": true,
      "time": 0.10864245891571045,
      "n": 2000,
      "p": 10
    },
    "Torch": {
      "bse0": 0.04501534609888307,
      "nll": -0.43794440965805487,
      "iter": 7,
      "ok": true,
      "time": 0.053795069456100464,
      "n": 2000,
      "p": 10
    }
  },
  "sandwich_n2000_p10": {
    "NumPy": {
      "bse0": 0.05658465679215722,
      "ok": true,
      "time": 0.004850298166275024,
      "n": 2000,
      "p": 10
    },
    "CuPy": {
      "bse0": 0.05658465679215722,
      "ok": true,
      "time": 0.015011757612228394,
      "n": 2000,
      "p": 10
    },
    "Torch": {
      "bse0": 0.05658465679215722,
      "ok": true,
      "time": 0.008251279592514038,
      "n": 2000,
      "p": 10
    }
  },
  "oracle_n2000_p10": {
    "NumPy": {
      "bse0": 0.10185416185135258,
      "ok": true,
      "time": 0.07608667016029358,
      "n": 2000,
      "p": 10
    },
    "CuPy": {
      "bse0": 0.10185416185135258,
      "ok": true,
      "time": 0.3494035303592682,
      "n": 2000,
      "p": 10
    },
    "Torch": {
      "bse0": 0.10185416185135258,
      "ok": true,
      "time": 0.18500268459320068,
      "n": 2000,
      "p": 10
    }
  },
  "bootstrap_n2000_p10": {
    "NumPy": {
      "bse0": 0.012648477750585174,
      "ok": true,
      "time": 0.042387694120407104,
      "n": 2000,
      "p": 10
    },
    "CuPy": {
      "bse0": 0.010148144679504957,
      "ok": true,
      "time": 0.04444074630737305,
      "n": 2000,
      "p": 10
    },
    "Torch": {
      "bse0": 0.011539362053789906,
      "ok": true,
      "time": 0.04431319236755371,
      "n": 2000,
      "p": 10
    }
  },
  "quantile_kernel_n2000_p10": {
    "NumPy": {
      "bse0": 0.01897062840196891,
      "method": "kernel",
      "solver": "kernel_sandwich",
      "ok": true,
      "time": 0.01129177212715149,
      "n": 2000,
      "p": 10
    },
    "CuPy": {
      "bse0": 0.01897062840196928,
      "method": "kernel",
      "solver": "kernel_sandwich",
      "ok": true,
      "time": 0.13754287362098694,
      "n": 2000,
      "p": 10
    },
    "Torch": {
      "bse0": 0.018970628054947435,
      "method": "kernel",
      "solver": "kernel_sandwich",
      "ok": true,
      "time": 0.06599819660186768,
      "n": 2000,
      "p": 10
    }
  },
  "quantile_bootstrap_n2000_p10": {
    "NumPy": {
      "bse0": 0.012652059241257172,
      "method": "bootstrap",
      "solver": "batched_pinball_fista",
      "ok": true,
      "time": 3.3020859956741333,
      "n": 2000,
      "p": 10
    },
    "CuPy": {
      "bse0": 0.012652059241257172,
      "method": "bootstrap",
      "solver": "batched_pinball_fista",
      "ok": true,
      "time": 0.8825410306453705,
      "n": 2000,