{
  "bootstrap": {
    "numpy": {
      "time_ms": 32.987117767333984,
      "observed": 1.1059681504433874,
      "ci": [
        1.0754330149522642,
        1.1349500764593083
      ],
      "backend": "numpy"
    },
    "cupy": {
      "time_ms": 285.8368754386902,
      "observed": 1.1059681504433874,
      "ci": [
        1.0756075822028148,
        1.1367824753380107
      ],
      "backend": "cupy"
    },
    "abs_diffs": {
      "observed": 0.0,
      "ci_low": 0.00017456725055065014,
      "ci_high": 0.001832398878702346
    }
  },
  "permutation": {
    "numpy": {
      "time_ms": 177.8610348701477,
      "pvalue": 0.0006662225183211193,
      "backend": "numpy"
    },
    "cupy": {
      "time_ms": 1221.4390337467194,
      "pvalue": 0.0006662225183211193,
      "backend": "cupy"
    },
    "abs_diffs": {
      "pvalue": 0.0
    }
  },
  "ratios": {
    "bootstrap_cpu_vs_gpu": 0.11540539588080359,
    "permutation_cpu_vs_gpu": 0.14561597423701575
  }
}
