{
  "config": {
    "n_samples": 3000,
    "n_features": 24,
    "alpha": 0.08,
    "max_iter": 1500,
    "tol": 0.0001,
    "n_bootstrap": 100,
    "warmup_runs": 1,
    "repeats": 5,
    "seed": 20260405,
    "note": "Residual bootstrap loop timing (base fit + bootstrap refits)."
  },
  "results": {
    "statgpu_cpu_bootstrap": {
      "mean_ms": 89.9614155292511,
      "std_ms": 4.178640069478933,
      "min_ms": 82.67763257026672,
      "max_ms": 93.90932321548462,
      "times_ms": [
        91.48651361465454,
        93.57792139053345,
        93.90932321548462,
        88.15568685531616,
        82.67763257026672
      ]
    },
    "cuda_available": true,
    "statgpu_gpu_bootstrap": {
      "mean_ms": 86.34575009346008,
      "std_ms": 1.5962307646625071,
      "min_ms": 84.74630117416382,
      "max_ms": 88.89216184616089,
      "times_ms": [
        87.48593926429749,
        84.97112989425659,
        84.74630117416382,
        85.63321828842163,
        88.89216184616089
      ]
    },
    "sklearn_residual_bootstrap": {
      "mean_ms": 160.99661588668823,
      "std_ms": 2.0361657498920955,
      "min_ms": 157.83166885375977,
      "max_ms": 163.55404257774353,
      "times_ms": [
        163.55404257774353,
        160.5655550956726,
        160.2030098438263,
        162.82880306243896,
        157.83166885375977
      ]
    },
    "statsmodels_residual_bootstrap": {
      "mean_ms": 3631.2708854675293,
      "std_ms": 64.07811226259108,
      "min_ms": 3579.8131823539734,
      "max_ms": 3752.62114405632,
      "times_ms": [
        3579.8131823539734,
        3583.5424959659576,
        3602.4037301540375,
        3752.62114405632,
        3637.973874807358
      ]
    },
    "rscript_available": false
  },
  "derived": {
    "sklearn_vs_statgpu_cpu": 1.7896185263374378,
    "statsmodels_vs_statgpu_cpu": 40.364759314917805,
    "statgpu_cpu_vs_gpu": 1.0418742721196752
  }
}
