{
  "bootstrap": {
    "numpy": {
      "time_ms": 33.60465168952942,
      "observed": 1.1059681504433874,
      "ci": [
        1.0754330149522642,
        1.1349500764593083
      ],
      "backend": "numpy"
    },
    "cupy": {
      "time_ms": 1194.1097974777222,
      "observed": 1.1059681504433874,
      "ci": [
        1.0767672819700886,
        1.1353877473157779
      ],
      "backend": "cupy"
    },
    "abs_diffs": {
      "observed": 0.0,
      "ci_low": 0.0013342670178244642,
      "ci_high": 0.00043767085646950754
    }
  },
  "permutation": {
    "numpy": {
      "time_ms": 183.87344479560852,
      "pvalue": 0.0006662225183211193,
      "backend": "numpy"
    },
    "cupy": {
      "time_ms": 1498.6156523227692,
      "pvalue": 0.0006662225183211193,
      "backend": "cupy"
    },
    "abs_diffs": {
      "pvalue": 0.0
    }
  },
  "ratios": {
    "bootstrap_cpu_vs_gpu": 0.028142011530691225,
    "permutation_cpu_vs_gpu": 0.1226955320469362
  }
}
