{
  "bootstrap": {
    "numpy": {
      "time_ms": 32.63804316520691,
      "observed": 1.1059681504433874,
      "ci": [
        1.0754330149522642,
        1.1349500764593083
      ],
      "backend": "numpy"
    },
    "cupy": {
      "time_ms": 572.7598667144775,
      "observed": 1.1059681504433874,
      "ci": [
        1.0767672819700886,
        1.1353877473157779
      ],
      "backend": "cupy"
    },
    "abs_diffs": {
      "observed": 0.0,
      "ci_low": 0.0013342670178244642,
      "ci_high": 0.00043767085646950754
    }
  },
  "permutation": {
    "numpy": {
      "time_ms": 183.10102820396423,
      "pvalue": 0.0006662225183211193,
      "backend": "numpy"
    },
    "cupy": {
      "time_ms": 1416.0315692424774,
      "pvalue": 0.0006662225183211193,
      "backend": "cupy"
    },
    "abs_diffs": {
      "pvalue": 0.0
    }
  },
  "ratios": {
    "bootstrap_cpu_vs_gpu": 0.05698381653803455,
    "permutation_cpu_vs_gpu": 0.129305752909108
  }
}
