{
  "fdr_vs_statsmodels": {
    "vector_axis_none": {
      "bh": {
        "max_abs_padj_diff": 1.1102230246251565e-16,
        "reject_mismatch_count": 0
      },
      "by": {
        "max_abs_padj_diff": 0.0,
        "reject_mismatch_count": 0
      },
      "holm": {
        "max_abs_padj_diff": 0.0,
        "reject_mismatch_count": 0
      },
      "bonferroni": {
        "max_abs_padj_diff": 0.0,
        "reject_mismatch_count": 0
      }
    },
    "matrix_axis0": {
      "bh": {
        "max_abs_padj_diff": 1.1102230246251565e-16,
        "reject_mismatch_count": 0
      },
      "by": {
        "max_abs_padj_diff": 0.0,
        "reject_mismatch_count": 0
      },
      "holm": {
        "max_abs_padj_diff": 0.0,
        "reject_mismatch_count": 0
      },
      "bonferroni": {
        "max_abs_padj_diff": 0.0,
        "reject_mismatch_count": 0
      }
    },
    "timing_ms": {
      "bh": {
        "mean_ms": 0.15667080879211426
      },
      "by": {
        "mean_ms": 0.17151633898417154
      },
      "holm": {
        "mean_ms": 0.15442868073781332
      },
      "bonferroni": {
        "mean_ms": 0.13772547245025635
      }
    }
  },
  "bootstrap_vs_scipy": {
    "observed_abs_diff": 0.0,
    "ci_low_abs_diff": 0.0,
    "ci_high_abs_diff": 0.0,
    "timing_ms": {
      "iid": 21.736323833465576,
      "stratified": 214.06608819961548,
      "cluster": 862.8135919570923,
      "block": 95.49981355667114
    }
  },
  "permutation_vs_scipy": {
    "pvalue_statgpu": 0.0004997501249375312,
    "pvalue_scipy": 0.0009995002498750624,
    "pvalue_abs_diff": 0.0004997501249375312,
    "timing_ms": {
      "iid": 179.3876588344574,
      "stratified": 422.88336157798767,
      "grouped": 1035.4927778244019
    }
  },
  "lasso_bootstrap_cpu_gpu_precision": {
    "cuda_available": true,
    "coef_max_abs_diff": 1.7763568394002505e-15,
    "intercept_abs_diff": 4.163336342344337e-17,
    "bse_max_abs_diff": 4.683753385137379e-17,
    "pvalue_max_abs_diff": 0.0,
    "conf_int_max_abs_diff": 1.7763568394002505e-15
  }
}
