{
  "environment": {
    "args": {
      "batch_size": 512,
      "components": 6,
      "devices": "cpu,cuda,torch",
      "json_out": "results/unsupervised_full_verify_phase3c_20260507_175226.json",
      "max_iter": 15,
      "md_out": "results/unsupervised_full_verify_phase3c_summary_20260507_175226.md",
      "n": 5000,
      "p": 32,
      "print_json": false,
      "repeats": 2,
      "seed": 20260507,
      "warmup": 1
    },
    "platform": "Linux-4.19.0-14-amd64-x86_64-with-glibc2.31",
    "python": "3.9.16 (main, Mar  8 2023, 14:00:05) \n[GCC 11.2.0]"
  },
  "models": {
    "IncrementalPCA": {
      "sklearn_cpu": {
        "explained_variance": [
          50.277558270246644,
          41.579508932176694,
          34.100353647152446,
          29.568901180758765,
          19.764634572432016,
          11.541294463942462
        ],
        "explained_variance_ratio_sum": 0.9996525715036445,
        "fit_ms_mean": 12.608334422111511,
        "fit_ms_std": 0.7990151643753052,
        "n_samples_seen": 5000,
        "reconstruction_error": 18.016715478046773,
        "status": "ok"
      },
      "statgpu_cpu": {
        "explained_variance": [
          50.27755827024685,
          41.579508932177106,
          34.10035364715256,
          29.56890118075873,
          19.76463457243201,
          11.541294463942446
        ],
        "explained_variance_ratio_sum": 0.9996525715036481,
        "fit_ms_mean": 9.561225771903992,
        "fit_ms_std": 0.5695968866348267,
        "host_to_device_included": false,
        "n_samples_seen": 5000,
        "reconstruction_error": 18.016715478046773,
        "status": "ok"
      },
      "statgpu_cuda": {
        "explained_variance": [
          50.27755827024677,
          41.57950893217698,
          34.10035364715244,
          29.568901180758683,
          19.764634572432037,
          11.541294463942469
        ],
        "explained_variance_ratio_sum": 0.9996525715036464,
        "fit_ms_mean": 32.13116526603699,
        "fit_ms_std": 0.03457069396972656,
        "host_to_device_included": false,
        "n_samples_seen": 5000,
        "reconstruction_error": 18.016715478046777,
        "status": "ok"
      },
      "statgpu_torch": {
        "explained_variance": [
          50.277558270247866,
          41.579508932178456,
          34.100353647153874,
          29.568901180760076,
          19.764634572432264,
          11.541294463942792
        ],
        "explained_variance_ratio_sum": 0.9996525715036784,
        "fit_ms_mean": 35.10616719722748,
        "fit_ms_std": 0.27517974376678467,
        "host_to_device_included": false,
        "n_samples_seen": 5000,
        "reconstruction_error": 18.016715478046777,
        "status": "ok"
      }
    },
    "MiniBatchNMF": {
      "sklearn_cpu": {
        "W_min": 0.09935344080449675,
        "components_min": 0.003430393182166459,
        "fit_ms_mean": 28.966546058654785,
        "fit_ms_std": 0.1741349697113037,
        "n_iter": 15,
        "reconstruction_error": 69.18280401061195,
        "status": "ok"
      },
      "statgpu_cpu": {
        "W_min": 0.010340445557067047,
        "components_min": 0.0017821016663782927,
        "fit_ms_mean": 23.892030119895935,
        "fit_ms_std": 0.6697326898574829,
        "host_to_device_included": false,
        "n_iter": 15,
        "reconstruction_error": 61.511912926367025,
        "status": "ok"
      },
      "statgpu_cuda": {
        "W_min": 0.010340445555471174,
        "components_min": 0.001782101663906722,
        "fit_ms_mean": 234.3737632036209,
        "fit_ms_std": 1.0794848203659058,
        "host_to_device_included": false,
        "n_iter": 15,
        "reconstruction_error": 61.51191292629763,
        "status": "ok"
      },
      "statgpu_torch": {
        "W_min": 0.010340445555471174,
        "components_min": 0.001782101663906722,
        "fit_ms_mean": 65.85255265235901,
        "fit_ms_std": 0.981360673904419,
        "host_to_device_included": false,
        "n_iter": 15,
        "reconstruction_error": 61.51191292629763,
        "status": "ok"
      }
    }
  }
}